ioc,type
Mapstrek.com,PluginDomain
Mapsscout.com,PluginDomain
Deluxequiz.com,PluginDomain
Gameschill.com,PluginDomain
Packtrackplus.com,PluginDomain
Mapsvoyage.com,PluginDomain
Mapsfrontier.com,PluginDomain
Yoyoquiz.com,PluginDomain
Recipeally.com,PluginDomain
Supersimpletools.com,PluginDomain
playziz.com,PluginDomain
jumboquiz.com,PluginDomain
mapspilot.com,PluginDomain
expressdirections.com,PluginDomain
freeweatherapp.com,PluginDomain
gofreeradio.com,PluginDomain
lovetestpro.com,PluginDomain
playthunder.com,PluginDomain
quizflavor.com,PluginDomain
gamedaddio,PluginDomain
packagetrak.com,PluginDomain
Froovr,PluginDomain
classifiedsnearme.com,PluginDomain
gamezooks.com,PluginDomain
quicknewsplus.com,PluginDomain
playpopgames.com,PluginDomain
easytoolonline.com,PluginDomain
greatarcadehits.com,PluginDomain
crusharcade.com,PluginDomain
promediaconverter.com,PluginDomain
Arcadeyum.com,PluginDomain
dtsince.com,ControlDomain
comvng.com,ControlDomain
elsticsr.com,ControlDomain
gdprcountryrestriction.com,DeterministicDomain
rowams.com,RedirectorDomain
glaulb.com,RedirectorDomain
rodmnd.com,RedirectorDomain
arpdmn.com,RedirectorDomain
fulamz.com,RedirectorDomain
rdrdmn.com,RedirectorDomain
rnddmn.com,RedirectorDomain
srvnmdom.com,RedirectorDomain
rdcnew.com,RedirectorDomain
rndmdmn.com,RedirectorDomain
amdaws.com,RedirectorDomain
fmtaws.com,RedirectorDomain
hometailer.com,RedirectorDomain
rdraws.com,RedirectorDomain
srvtop.com,RedirectorDomain
globlb.com,RedirectorDomain
frshdmn.com,RedirectorDomain
rawdws.com,RedirectorDomain
reddmn.com,RedirectorDomain
reqaws.com,RedirectorDomain
gleglb.com,RedirectorDomain
newdmn.com,RedirectorDomain
gluedc.com,RedirectorDomain
tmntho.com,RedirectorDomain
srvalgo.com,RedirectorDomain
wrrpam.com,RedirectorDomain
dmnamz.com,RedirectorDomain
rddmns.com,RedirectorDomain
Multiext.com,ExfilDomain
ticsync.com,EndDomain
usavisitorco.com,EndDomain
usavisitorcenter.com,EndDomain
sponsergift.pro,EndDomain
3f6i9.com,EndDomain
usaconsumerperks.com,EndDomain
rewardsecure.com,EndDomain
jenrx2u.com,EndDomain
runslin.com,EndDomain
securedgift.com,EndDomain
usasecureconsumer.com,EndDomain
usavisitorrewards.com,EndDomain
usavisitors.org,EndDomain
usapremiumclub.com,EndDomain
usaperkscenter.com,EndDomain
usagiftscenter.com,EndDomain
premiumclubusa.com,EndDomain
usaclub.vip,EndDomain
PackageTrak Promos,PluginName
ProMediaConverter Promotions,PluginName
EasyToolOnline Promos,PluginName
CrushArcade Ads,PluginName
GreatArcadeHits Ads,PluginName
ArcadeFrontier Ads,PluginName
MapsFrontier Advertising,PluginName
SuperSimpleTools Promos,PluginName
Advertisements by ArcadeYum,PluginName
PackTrackPlus Promos,PluginName
EasyToolOnline Promos,PluginName
PlayPopGames Ads,PluginName
QuickNewsPlus Promos,PluginName
GameZooks Advertisements,PluginName
PackTrackPlus Promotions,PluginName
PackTrackPlus Promotions,PluginName
MapsFrontier Advertisement Offers,PluginName
ExpressDirections Promos,PluginName
MapsTrek Promos,PluginName
ClassifiedsNearMe Promos,PluginName
MapsTrek Promos,PluginName
ClassifiedsNearMe Promos,PluginName
ExpressDirections Promos,PluginName
MapsTrek Offers,PluginName
MapsVoyage Promotions,PluginName
FreeWeatherApp Promotions,PluginName
EarthViewDirections Promotions,PluginName
MapsFrontier Advertisements,PluginName
ArcadeCookie Offers,PluginName
RecipeAlly Promos,PluginName
MapsTrek Promotions,PluginName
Offers by MapsFrontier,PluginName
GamesChill Ads,PluginName
PackTrackPlus Promotions,PluginName
MapsVoyage Ads,PluginName
Advertising by MapsFrontier,PluginName
PlayZiz Advertisements,PluginName
Advertising Offers by MapsVoyage,PluginName
MapsFrontier Advertising Offers,PluginName
FreeWeatherApp Promos,PluginName
FreeWeatherApp Advertisement Offers,PluginName
ExpressDirections Ads,PluginName
YoYoQuiz Promotions,PluginName
MapsVoyage Advertising,PluginName
MapsPilot Ad Offers,PluginName
GoFreeRadio Promos,PluginName
Advertising Offers by FreeWeatherApp,PluginName
Advertisement Offers by QuizKicks,PluginName
Ads by MapsVoyage,PluginName
JumboQuiz Advertising,PluginName
MapsScout Advertising Offers,PluginName
DeluxeQuiz Advertising,PluginName
SuperSimpleTools Promos,PluginName
Advertising by MapsPilot,PluginName
Advertisements by MapsScout,PluginName
PackageTrak Promos,PluginName
Ad offers by Froovr,PluginName
PackageTrak Promos,PluginName
GameDaddio Marketing,PluginName
DearQuiz Advertising,PluginName
Offers by MapsScout,PluginName
YoYoQuiz Advertisements,PluginName
Advertisment Offers by GameDaddio,PluginName
QuizFlavor Advertising,PluginName
Advertisements by QuizDiamond,PluginName
QuizPremium Advertisements,PluginName
CouponRockstar Offers,PluginName
MapsFrontier Promos,PluginName
Advertising Offers by MapsPilot,PluginName
PlayThunder Offers,PluginName
LoveTestPro Ad Offers,PluginName
oanbpfkcehelcjjipodkaafialmfejmi,PluginID
lhfibgclamcffnddoicjmoopmgomknmb,PluginID
ilcbbngkolbclhlildojhgjdbkkehfia,PluginID
pnhjnmacgahapmnnifmneapinilajfol,PluginID
ocifcogajbgikalbpphmoedjlcfjkhgh,PluginID
peglehonblabfemopkgmfcpofbchegcl,PluginID
aaeohfpkhojgdhocdfpkdaffbehjbmmd,PluginID
lidnmohoigekohfmdpopgcpigjkpemll,PluginID
jmbmildjdmppofnohldicmnkojfhggmb,PluginID
jdoaaldnifinadckcbfkbiekgaebkeif,PluginID
ogjfhmgoalinegalajpmjoliipdibhdm,PluginID
lebmkjafnodbnhbahbgdollaaabcmpbh,PluginID
gjammdgdlgmoidmdfoefkeklnhmllpjp,PluginID
kdkpllchojjkbgephbbeacaahecgfpga,PluginID
jaehldonmiabhfohkenmlimnceapgpnp,PluginID
pmhlkgkblgeeigiegkmacefjoflennbn,PluginID
ofdfbeanbffehepagohhengmjnhlkich,PluginID
mjchijabihjkhmmaaihpgmhkklgakinl,PluginID
poppendnaoonepbkmjejdfebihohaalo,PluginID
eogoljjmndnjfikmcbmopmlhjnhbmdda,PluginID
gdnkjjhpffldmfljpbfemliidkeeecdj,PluginID
gelcjfdfebnabkielednfoogpbhdeoai,PluginID
ofpihhkeakgnnbkmcoifjkkhnllddbld,PluginID
pjjghngpidphgicpgdebpmdgdicepege,PluginID
nchdkdaknojhpimbfbejfcdnmjfbllhj,PluginID
blcfpeooekoekehdpbikibeblpjlehlh,PluginID
looclnmoilplejheganiloofamfilbcd,PluginID
oehimkphpeeeneindfeekidpmkpffkgc,PluginID
eebbihndkbkejmlgfoofigacgicamfha,PluginID
faopefnnleiebimhkldlplkgkjpbmcea,PluginID
obcfkcpejehknjdollnafpebkcpkklbl,PluginID
jepocknhdcgdmbiodbpopcbjnlgecdhf,PluginID
dehhfjanlmglmabomenmpjnnopigplae,PluginID
ekijhekekfckmkmbemiijdkihdibnbgh,PluginID
pjpjefgijnjlhgegceegmpecklonpdjp,PluginID
nlhocomjnfjedielocojomgfldbjmdjj,PluginID
opooaebceonakifaacigffdhogdgfadg,PluginID
ojofdaokgfdlbeomlelkiiipkocneien,PluginID
gpaaalbnkccgmmbkendiciheljgpdhob,PluginID
almfnpjmjpnknlgpipillhfmchjikkno,PluginID
eeacchjlmkcleifpppcjbmahcnlihamj,PluginID
lojgkcienjoiogbfkbjiidpfnabhkckf,PluginID
gkemhapalomnipjhminflfhjcjehjhmp,PluginID
icolkoeolaodpjogekifcidcdbgbdobc,PluginID
abjbfhcehjndcpbiiagdnlfolkbfblpb,PluginID
bbjilncoookdcjjnkcdaofiollndepla,PluginID
igpcgjcdhmdjhdlgoncfnpkdipanlida,PluginID
nfhpojfdhcdmimokleagkdcbkmcgfjkh,PluginID
jfnlkmaledafkdhdokgnhlcmeamakham,PluginID
dibjpjiifnahccnokciamjlfgdlgimmn,PluginID
fjclfmhapndgeabdcikbhemimpijpnah,PluginID
jpnamljnefhpbpcofcbonjjjkmfjbhdp,PluginID
iggmbfojpkfikoahlfghaalpbpkhfohc,PluginID
fkllfgoempnigpogkgkgmghkchmjcjni,PluginID
dealfjgnmkibkcldkcpbikenmajlglmc,PluginID
abghmipjfclfpgmmelbgolfgmhnigbma,PluginID
dcbfmglfdlgpnolgdjoioeocllioebpe,PluginID
obmbmalbahpfbckpcfbipooimkldgphm,PluginID
gbkmkgfjngebdcpklbkeccelcjaobblk,PluginID
ehibgcefkpbfkklbpahilhicidnhiboc,PluginID
gmljddfeipofcffbhhcpohkegndieeab,PluginID
dajgdhiemoaecngkpliephmheifopmjb,PluginID
fdbmoflclpmkmeobidcgmfamkicinnlg,PluginID
obbfndpanmiplgfcbeonoocobbnjdmdc,PluginID
lgljionbhcfbnpjgfnhhoadpdngkmfnh,PluginID
ddenjpheppdmfimooolgihimdgpilhfo,PluginID
bblkckhknhmalchbceidkmjalmcmnkfa,PluginID
fhkmacopackahlbnpcfijgphgoimpggb,PluginID
eohnfgagodblipmmalphhfepaonpnjgk,PluginID
emkkigmmpfbjmikfadmfeebomholoikg,PluginID
fekjbjbbdopogpamkmdjpjicapclgamj,PluginID
ff6f8c062bb9b4b66de6929ff2921f5fd9eff4b013b32842e9e7e51f609c1f0f,SHA256
0c1a8ca8ad72db5c0c3babc8d2488cc4ac7815d8158d170c5fd4c1056cd7dd87,SHA257
68707cfc2c7bfe721e22f681c86480c012ce7b28f442c2e0090fde95663b6f13,SHA258
Maps,PluginNamePattern
Promos,PluginNamePattern
Pack,PluginNamePattern
Plus,PluginNamePattern
Ad,PluginNamePattern
Advertising,PluginNamePattern
Offers,PluginNamePattern
Quiz,PluginNamePattern
Marketing,PluginNamePattern
Promotions,PluginNamePattern
Advertisements,PluginNamePattern
Scz?p=,RedirectorURIPattern
Fzs?p=,RedirectorURIPattern
